text,generated
"Car-free cities have become a subject of increasing interest and debate in recent years, as urban areas around the world grapple with the challenges of congestion, pollution, and limited resources. The concept of a car-free city involves creating urban environments where private automobiles are either significantly restricted or completely banned, with a focus on alternative transportation methods and sustainable urban planning. This essay explores the benefits, challenges, and potential solutions associated with the idea of car-free cities.  Benefits of Car-Free Cities  Environmental Sustainability: Car-free cities promote environmental sustainability by reducing air pollution and greenhouse gas emissions. Fewer cars on the road mean cleaner air and a significant decrease in the contribution to global warming.  Improved Public Health: A reduction in automobile usage can lead to better public health outcomes. Fewer cars on the road result in fewer accidents and a safer urban environment for pedestrians and cyclists. Moreover, less air pollution can lead to reduced respiratory and cardiovascular problems.  Efficient Use of Space: Car-free cities utilize urban space more efficiently. Parking lots and wide roads can be repurposed for green spaces, parks, and pedestrian zones, enhancing the overall quality of life in the city.  Reduced Traffic Congestion: By eliminating or restricting car usage, traffic congestion is significantly reduced, leading to faster commute times and less frustration for residents and commuters.  Cost Savings: Car ownership and maintenance can be expensive. Car-free cities allow residents to save money on vehicles, fuel, and insurance, improving their overall financial well-being.  Challenges of Car-Free Cities  Resistance to Change: Transitioning to a car-free city can face resistance from citizens, especially those who rely heavily on their cars for daily activities and commutes.  Public Transportation Infrastructure: An effective public transportation system is crucial for the success of car-free cities. Cities need to invest in and expand their public transportation networks to ensure that people have viable alternatives to cars.  Economic Impact: Businesses that rely on car-dependent customers may experience a decline in revenue in a car-free city. It's essential to address this economic impact and find ways to support affected businesses during the transition.  Urban Planning and Infrastructure: The redesign of urban areas for car-free living requires significant planning and investment in infrastructure, which can be a lengthy and complex process.  Solutions for Car-Free Cities  Expand Public Transportation: Invest in the expansion and improvement of public transportation systems to provide convenient and affordable alternatives to private cars.  Promote Active Transportation: Encourage walking and cycling by building bike lanes, pedestrian-friendly streets, and ensuring safe infrastructure for these activities.  Implement Carpooling and Ride-Sharing: Promote carpooling and ride-sharing services to reduce the number of private vehicles on the road.  Adopt Electric and Sustainable Transportation: Encourage the use of electric vehicles and promote sustainability by using renewable energy sources to power transportation.  Education and Public Awareness: Educate citizens about the benefits of a car-free city and involve them in the planning process to increase support and understanding.  Conclusion  Car-free cities represent a vision for a sustainable and healthier urban future. While the transition to a car-free city is not without challenges, the potential benefits in terms of environmental sustainability, public health, and efficient urban living make it a compelling goal. Through a combination of investment in public transportation, promotion of alternative transportation methods, and public engagement, cities can work towards a future where cars are no longer the dominant mode of transportation. Car-free cities offer a promising vision of a more sustainable and vibrant urban environment.",1
"Car Free Cities  Car-free cities, a concept gaining traction in contemporary urban planning, seek to transform the way we live, commute, and interact with our surroundings. These cities envision a future where private automobiles are either severely restricted or completely eliminated from urban landscapes, making room for alternative modes of transportation, green spaces, and sustainable living. In this essay, we will explore the various aspects of car-free cities, including their benefits, challenges, and potential solutions.  The idea of car-free cities stems from a growing awareness of the negative consequences of car-centric urban planning. Congestion, air pollution, and the diminishing quality of life in crowded, noisy, and car-infested streets have prompted urban planners to seek alternatives. Car-free cities offer several advantages:  Environmental Sustainability: By reducing the number of vehicles on the road, car-free cities significantly decrease air pollution and greenhouse gas emissions. This step towards environmental sustainability helps combat climate change and fosters cleaner, healthier urban environments.  Public Health: Fewer cars on the road mean fewer accidents and a safer environment for pedestrians and cyclists. Additionally, the reduction in air pollution results in improved respiratory and cardiovascular health for city dwellers.  Efficient Space Utilization: Car-free cities optimize urban space usage. Parking lots and wide roads can be repurposed for parks, green spaces, and pedestrian zones, enhancing the overall quality of life.  Reduced Traffic Congestion: Less reliance on private cars leads to reduced traffic congestion, shorter commute times, and less stress for residents and commuters.  Cost Savings: Owning and maintaining a car can be expensive. Car-free cities allow residents to save money on vehicle purchase, fuel, and insurance, thereby improving their financial well-being.  However, transitioning to car-free cities presents its own set of challenges:  Resistance to Change: Many people heavily rely on their cars for daily activities and commutes. Transitioning to car-free living can face resistance from those who fear the loss of convenience and autonomy.  Public Transportation Infrastructure: Effective public transportation systems are critical for the success of car-free cities. Investments and improvements in public transit are necessary to provide convenient alternatives to private cars.  Economic Impact: Businesses that rely on car-dependent customers may experience declining revenue. Addressing this economic impact and supporting affected businesses during the transition is essential.  Urban Planning and Infrastructure: Redesigning urban areas for car-free living demands comprehensive planning and substantial investment in infrastructure, which can be a complex and lengthy process.  Solutions for the successful implementation of car-free cities include expanding public transportation, promoting active transportation, encouraging carpooling and ride-sharing, adopting electric and sustainable transportation, and focusing on public education and awareness.  In conclusion, car-free cities represent a promising vision for a more sustainable and healthy urban future. While challenges exist, the potential benefits in terms of environmental sustainability, public health, efficient urban living, and cost savings make it a compelling goal. By investing in public transportation, promoting alternative transportation methods, and involving the public in the planning process, cities can work toward a future where cars are no longer the dominant mode of transportation. Car-free cities offer a promising vision of a more sustainable and vibrant urban environment.",1
"Dear Florida State Senator, Although many could argue that the Electoral College is a fair system of deciding the president, far too many people consider it nondemocratic and inefficient for it it continue being our way of electing our leader. A new system of election must be created to make up for the pitfalls that are inevitable in the Electoral College. A country that is supposed to be a democracy does not have the voting system that such a proud democracy deserves.

Defenders of the College may say that the possibility of a tie is very low or that the electors chosen are confirmed not to betray the wants of the voters, but just because the possibility is low does not mean you can simply allow the flaws in the voting system to exist. A small hole in a fabric can only grow bigger, and the same goes for our electoral college. If we can't repair or replace the fabric that is our Electoral College, soon there will be problems too big for us to deal with in our current state. The electoral voters may keep the public in mind for now, but there have already been cases where electoral voters put their own wants ahead of the public.

One thing that the Electoral College does not promote is the power in the hands of the people. Although people can vote for whatever candidate they want, the elector is the real deciding hand in the process of picking our president. If one wanted to, an elector can completely disregard the decision of the voters and choose who they want. Considering the ratio of electors in some states to people, it seems completely nondemocratic for the votes of some to be more important than the wants of the common people. Some start to feel that they shouldn't vote because their one vote wouldn't have the power to change anything, and wouldn't even ensure the election of the president they want. Another thing that lowers the morale is the absence of candidates in states that can't be won very easily. If a candidate is pretty sure he can't win over a state, he won't visit it because it wouldn't be worth his time. He also wil prioritize large states over small ones because they have more electoral votes. All of these can make a state or person feel as if the election isn't really in their hands, and when people feel like their vote doesn't matter, they don't vote.

Besides the power it takes away from the common man, some could say that the system itself is very inefficient compared to what it could be. Even though it has a very low possibility, the fact is that a tie is possible due to the electoral college having an even number of votes. It would then go to the House of Representatives, who might not even have the want of the people in mind. Since most of the time Congress has a party that makes up a majority of it, it would be very unfair to allow them to pick the president. It's also possible that even if a majority of the people vote for a president, the electoral votes elect the other candidate instead, like what happened to Al Gore in 2000. An election like this just has too many holes and pitfalls to be efficient. The holes need to be repaired before we can actually use this as our primary way to select a president, or else we're setting ourselves up to have problems in the future.

The Electoral College may be functional, but is largely inefficient and is not in the best interest of the common people. The vote for a candidate is not even in the hands in the people, but rather a minority of chosen electors. In a country that prides itself on the power the people have, and the control they have on how their country is run, the people have surprisingly less influence than you would think. We as a people need to speak up against the overrated system that is the Electoral College, and develop a system that fits the needs of a true democracy like America should be.",0
"In the following ideas and information passage set we see the effects of using cars too much and how limiting our car use can have a huge impact on, not only our environment, but also on cities on people. Limiting our car usage isn't only a thing that the United States has to work on, but we see that Central America and Europe also has to work on it. Limiting our car usage isn't a small issue, but more of a global issue. Over the years we have seen the effects of global warming something cause by fossil fuels, which is gas coming from our cars and how they have had an enormous impact on our world. So, why is liming our car usage even remotely important to us?

In the second article ""Paris bans driving due to smog"", paragraph 10, the first thing it says is ""After days of nearrecord pollution.."", well, what does this say about how we're living today? Paris so close to to being on record breaking pollution, not that it's anything to be proud of. But, if that's how much pollution Paris has, which is a famous city for not only being the ""City of Love"", but for also being big, how will every other city's pollution be? Cities have been growing and expanding so much recently, factories are being built and more cars are being sold, how will this help limiting our car usage? If cities keep expanding, we'll just be adding to the pollution that already exists. After a couple decades all the issues we seem to be ignoring will come up and if the problems are bad now, how bad will they be in the future? This isn't just something we can ignore!

Like David Goldberg says in paragraph seven in ""In German Suburb, Life Goes On Without Cars"" ""All of our development since World War II has been centered on the car.."". Why have we been focusing more on a car than on health and medicine and cures for some illnesses? Why is a car so important? Yes it makes going to places much more easier and quicker, but at what cost will we go to to make things easier on us? It isn't jsut about the pollution caused from our cr usage, but it's also about our health. There are fewer and fewer parks by the year because we'd rather have all our tax money go towards roads instead parks. More malls are opening up and more fast food places are opening up on big interstates and highways, and now all we really have to being close to nature is when we pass by the trees near the interstates and highways. We need trees in order to have oxygen, but if all this pollution is slowly killing trees, how much more time do we have left before we realize it's too late to try saving our trees and limiting our car usage? Back then no one really worried much about limiting our car usage and pollution, because it wasn't that bad. Now all you ever really hear is about pollution and how to stop it.

Even though we really have got to start limiting our car usage, there is still hope in lowering and or even stopping pollution. We could start off small, for instance, by having a day where no one is allowed to drive their cars to places or be fined if you do drive, like Bogota, Colombia does in ""Carfree day is spinning into a big hit in Bogota"". It must've had a positive effect because it encouraged Cali and Valledupar, two other Colombian cities, to participate in the event as well.",0